City_ID,City,Country,Date,Lat,Lng,Max Temp,Humidity,Cloudiness,Wind Speed
0,Porto Santo,PT,2022-05-08 17:08:55,33.072,-16.3415,66.58,59,20,16.11
1,Saint George,US,2022-05-08 17:08:55,37.1041,-113.5841,77.79,11,0,5.75
2,Grindavik,IS,2022-05-08 17:08:56,63.8424,-22.4338,54.07,76,75,20.71
3,East London,ZA,2022-05-08 17:08:56,-33.0153,27.9116,64.26,73,85,15.82
4,Bandarbeyla,SO,2022-05-08 17:08:57,9.4942,50.8122,83.28,82,1,14.12
5,Vardo,NO,2022-05-08 17:08:57,70.3705,31.1107,31.98,80,40,9.22
6,Staunton,US,2022-05-08 17:08:58,38.1496,-79.0717,46.96,81,100,13.8
7,Saldanha,ZA,2022-05-08 17:08:58,-33.0117,17.9442,57.54,78,21,7.9
8,Biltine,TD,2022-05-08 17:08:59,14.5333,20.9167,99.52,6,1,7.72
9,Saint-Philippe,RE,2022-05-08 17:08:59,-21.3585,55.7679,72.99,83,43,8.32
10,Ushuaia,AR,2022-05-08 17:04:50,-54.8,-68.3,44.26,61,40,41.43
11,Ariquemes,BR,2022-05-08 17:09:00,-9.9133,-63.0408,87.4,61,19,1.86
12,Skelleftea,SE,2022-05-08 17:09:00,64.7507,20.9528,48.99,38,0,11.5
13,Pisco,PE,2022-05-08 17:05:16,-13.7,-76.2167,72.01,73,0,8.05
14,Dikson,RU,2022-05-08 17:09:01,73.5069,80.5464,20.75,94,99,28.45
15,Port Alfred,ZA,2022-05-08 17:09:02,-33.5906,26.891,58.17,90,91,4.0
16,Manturovo,RU,2022-05-08 17:09:02,58.3353,44.7619,54.99,60,79,12.24
17,Bambous Virieux,MU,2022-05-08 17:07:49,-20.3428,57.7575,75.45,83,40,5.75
18,Hithadhoo,MV,2022-05-08 17:09:03,-0.6,73.0833,84.72,77,73,19.33
19,Kavaratti,IN,2022-05-08 17:09:03,10.5669,72.642,85.12,72,99,15.84
20,Carnarvon,AU,2022-05-08 17:09:04,-24.8667,113.6333,62.67,88,0,5.75
21,Busselton,AU,2022-05-08 17:09:04,-33.65,115.3333,57.9,83,5,4.14
22,Araripe,BR,2022-05-08 17:09:05,-7.2125,-40.0461,85.3,40,100,8.39
23,Ponta Do Sol,PT,2022-05-08 17:09:05,32.6667,-17.1,72.72,66,15,4.92
24,Iqaluit,CA,2022-05-08 17:09:06,63.7506,-68.5145,27.7,63,30,4.0
25,Nizwa,OM,2022-05-08 17:09:06,22.9333,57.5333,90.54,20,27,1.43
26,Luderitz,NA,2022-05-08 17:09:07,-26.6481,15.1594,60.39,62,1,15.9
27,Havre-Saint-Pierre,CA,2022-05-08 17:09:07,50.2334,-63.5986,41.45,63,50,15.12
28,Ondjiva,AO,2022-05-08 17:09:08,-17.0667,15.7333,73.45,28,0,4.05
29,Sechura,PE,2022-05-08 17:09:08,-5.5569,-80.8222,77.61,59,86,12.37
30,Souillac,MU,2022-05-08 17:09:09,-20.5167,57.5167,75.58,83,40,5.75
31,Le Port,RE,2022-05-08 17:09:10,-20.9373,55.2919,76.96,77,17,5.03
32,Ilulissat,GL,2022-05-08 17:09:10,69.2167,-51.1,30.22,64,0,4.61
33,Kirove,UA,2022-05-08 17:09:10,47.6531,35.6951,56.3,48,11,1.72
34,Ornskoldsvik,SE,2022-05-08 17:09:11,63.2909,18.7153,45.55,42,75,14.97
35,Port Elizabeth,ZA,2022-05-08 17:09:11,-33.918,25.5701,62.31,78,84,1.99
36,Fagundes,BR,2022-05-08 17:09:12,-7.355,-35.775,82.31,55,92,11.14
37,Laguna,US,2022-05-08 17:09:12,38.421,-121.4238,61.47,41,0,11.5
38,Mar Del Plata,AR,2022-05-08 17:09:13,-38.0023,-57.5575,73.94,63,0,26.46
39,Chapais,CA,2022-05-08 17:09:13,49.7834,-74.8492,54.05,44,12,4.03
40,Cape Town,ZA,2022-05-08 17:09:14,-33.9258,18.4232,61.27,73,50,1.01
41,Chuy,UY,2022-05-08 17:09:14,-33.6971,-53.4616,69.01,54,15,8.5
42,Arraial Do Cabo,BR,2022-05-08 17:09:15,-22.9661,-42.0278,75.06,73,40,6.91
43,Porto Novo,BJ,2022-05-08 17:09:15,6.4965,2.6036,84.92,70,87,10.13
44,Kirs,RU,2022-05-08 17:09:15,59.3388,52.2447,50.54,60,40,8.48
45,Bredasdorp,ZA,2022-05-08 17:07:54,-34.5322,20.0403,56.17,83,91,3.78
46,Jamestown,US,2022-05-08 17:08:18,42.097,-79.2353,62.02,26,0,7.0
47,Neuquen,AR,2022-05-08 17:06:37,-38.9516,-68.0591,71.49,37,0,11.5
48,Opuwo,NA,2022-05-08 17:10:16,-18.0607,13.84,73.35,28,0,5.28
49,Kampene,CD,2022-05-08 17:10:17,-3.6,26.6667,71.35,90,73,1.14
50,Epe,NG,2022-05-08 17:10:17,6.5841,3.9834,85.08,72,98,10.04
51,Ancud,CL,2022-05-08 17:10:18,-41.8697,-73.8203,54.36,75,32,4.14
52,Sekoma,BW,2022-05-08 17:10:18,-24.4,23.8833,60.78,31,0,8.84
53,Amreli,IN,2022-05-08 17:10:19,21.6167,71.2333,91.72,36,1,14.58
54,Torbay,CA,2022-05-08 17:05:37,47.6666,-52.7314,50.88,59,15,4.0
55,Caravelas,BR,2022-05-08 17:06:26,-17.7125,-39.2481,76.28,82,100,9.01
56,Oranjemund,NA,2022-05-08 17:10:19,-28.55,16.4333,56.48,82,31,13.47
57,Ofaqim,IL,2022-05-08 17:10:21,31.3141,34.6203,68.7,41,0,10.09
58,Batticaloa,LK,2022-05-08 17:10:21,7.7102,81.6924,84.36,76,100,5.75
59,Mahebourg,MU,2022-05-08 17:10:22,-20.4081,57.7,75.49,83,40,5.75
60,Chipinge,ZW,2022-05-08 17:10:22,-20.1883,32.6236,61.77,85,55,5.41
61,Luba,GQ,2022-05-08 17:10:23,3.4568,8.5547,82.26,82,94,8.41
62,Askarovo,RU,2022-05-08 17:10:23,53.3372,58.5089,49.15,23,91,6.71
63,Adrar,MR,2022-05-08 17:10:24,20.5022,-10.0711,103.6,8,69,3.74
64,Clyde River,CA,2022-05-08 17:10:24,70.4692,-68.5914,25.03,86,100,12.66
65,La Tuque,CA,2022-05-08 17:10:25,47.4334,-72.7824,62.08,27,1,2.28
66,Guiglo,CI,2022-05-08 17:10:25,6.5456,-7.4966,75.78,93,95,4.92
67,Hermanus,ZA,2022-05-08 17:10:25,-34.4187,19.2345,59.81,78,62,4.38
68,Ouargaye,BF,2022-05-08 17:10:26,11.5033,0.0572,101.44,22,47,2.17
69,Reconquista,AR,2022-05-08 17:10:26,-29.15,-59.65,73.8,43,34,5.46
70,Tessalit,ML,2022-05-08 17:10:27,20.1986,1.0114,95.61,4,0,12.3
71,Rio Grande,BR,2022-05-08 17:10:28,-32.035,-52.0986,75.31,69,1,10.98
72,Tyukalinsk,RU,2022-05-08 17:10:28,55.8732,72.1967,52.25,49,69,4.63
73,Saryozek,KZ,2022-05-08 17:10:29,44.3583,77.9753,57.78,59,7,5.01
74,Medvezhyegorsk,RU,2022-05-08 17:10:29,62.9167,34.4667,42.69,59,74,4.74
75,Ribeira Grande,PT,2022-05-08 17:10:30,38.5167,-28.7,66.6,68,20,11.5
76,Jaru,BR,2022-05-08 17:10:30,-10.4389,-62.4664,84.96,59,14,4.09
77,Makokou,GA,2022-05-08 17:10:31,0.5738,12.8642,74.17,93,66,1.57
78,Mehamn,NO,2022-05-08 17:10:31,71.0357,27.8492,31.95,69,40,6.91
79,Cidreira,BR,2022-05-08 17:08:03,-30.1811,-50.2056,68.34,70,0,13.71
80,Umm Lajj,SA,2022-05-08 17:10:32,25.0213,37.2685,80.87,54,42,10.98
81,Cayenne,GF,2022-05-08 17:10:32,4.9333,-52.3333,86.04,1,75,12.66
82,Encruzilhada Do Sul,BR,2022-05-08 17:10:33,-30.5439,-52.5219,67.98,56,0,4.12
83,Bom Jesus,BR,2022-05-08 17:10:33,-9.0744,-44.3586,96.08,18,88,7.18
84,Port-Gentil,GA,2022-05-08 17:10:34,-0.7193,8.7815,85.96,74,75,12.66
85,Victoria,HK,2022-05-08 17:10:34,22.2855,114.1577,77.38,80,100,8.99
86,Itupiranga,BR,2022-05-08 17:10:35,-5.1347,-49.3267,89.92,54,99,4.05
87,Presidencia Roque Saenz Pena,AR,2022-05-08 17:10:35,-26.7852,-60.4388,78.66,40,1,5.73
88,Klaksvik,FO,2022-05-08 17:10:36,62.2266,-6.589,49.12,95,100,20.98
89,Takoradi,GH,2022-05-08 17:10:36,4.8845,-1.7554,83.48,74,96,10.4
90,Berlevag,NO,2022-05-08 17:11:37,70.8578,29.0864,32.0,78,92,7.18
91,Enterprise,US,2022-05-08 17:11:37,36.0252,-115.2419,77.16,22,0,25.32
92,Dole,FR,2022-05-08 17:11:37,47.0833,5.5,73.31,49,0,12.66
93,Bari,IT,2022-05-08 17:09:19,41.1177,16.8512,66.25,94,40,5.75
94,Cerkezkoy,TR,2022-05-08 17:11:38,41.285,28.0003,53.78,76,0,18.41
95,Lebu,CL,2022-05-08 17:11:38,-37.6167,-73.65,57.33,92,99,7.54
96,Raduzhnyy,RU,2022-05-08 17:11:39,62.0961,77.475,28.17,99,87,2.68
97,Taoudenni,ML,2022-05-08 17:11:39,22.6783,-3.9836,98.78,4,26,13.15
98,Sao Marcos,BR,2022-05-08 17:11:40,-28.9711,-51.0681,72.05,43,0,2.98
99,Lebedyn,UA,2022-05-08 17:11:40,50.5852,34.4849,56.62,71,96,7.0
100,Kalabo,ZM,2022-05-08 17:11:41,-14.97,22.6814,74.48,39,39,4.65
101,Dingle,PH,2022-05-08 17:11:41,10.9995,122.6711,79.41,83,46,8.68
102,Husavik,IS,2022-05-08 17:10:26,66.0449,-17.3389,44.67,81,100,4.9
103,Mikhaylovka,RU,2022-05-08 17:11:42,50.06,43.2379,52.5,50,6,5.64
104,Ambanja,MG,2022-05-08 17:11:42,-13.6833,48.45,75.56,91,28,2.19
105,Chemin Grenier,MU,2022-05-08 17:11:43,-20.4872,57.4656,74.79,86,34,9.22
106,Kabare,CD,2022-05-08 17:11:43,-2.4683,28.8242,62.04,96,55,1.77
107,Pangnirtung,CA,2022-05-08 17:11:43,66.1451,-65.7125,26.19,83,8,4.32
108,Villa Carlos Paz,AR,2022-05-08 17:10:57,-31.4241,-64.4978,73.38,34,98,21.0
109,Atar,MR,2022-05-08 17:11:44,20.5169,-13.0499,106.88,9,50,8.9
110,Paracuru,BR,2022-05-08 17:11:44,-3.41,-39.0306,84.11,84,100,9.15
111,Upernavik,GL,2022-05-08 17:11:45,72.7868,-56.1549,20.82,68,91,5.95
112,Tigre,AR,2022-05-08 17:11:45,-34.426,-58.5796,74.05,54,0,8.05
113,Georgetown,MY,2022-05-08 17:08:29,5.4112,100.3354,84.13,74,20,4.61
114,Bathsheba,BB,2022-05-08 17:11:46,13.2167,-59.5167,86.61,70,20,16.11
115,Asyut,EG,2022-05-08 17:08:11,27.181,31.1837,92.35,12,96,5.14
116,Qaanaaq,GL,2022-05-08 17:11:46,77.484,-69.3632,25.56,64,100,2.48
117,Punta Arenas,CL,2022-05-08 17:07:36,-53.15,-70.9167,46.51,57,40,27.63
118,Kruisfontein,ZA,2022-05-08 17:11:47,-34.0033,24.7314,56.88,68,41,1.68
119,Vitoria Da Conquista,BR,2022-05-08 17:09:48,-14.8661,-40.8394,63.84,85,100,7.2
120,Korla,CN,2022-05-08 17:11:47,41.7597,86.1469,69.35,41,0,15.57
121,Malanje,AO,2022-05-08 17:11:48,-9.5402,16.341,73.11,69,42,2.95
122,Longyearbyen,SJ,2022-05-08 17:11:48,78.2186,15.6401,17.44,62,40,14.97
123,Salalah,OM,2022-05-08 17:11:49,17.0151,54.0924,84.29,79,40,8.05
124,Zhezkazgan,KZ,2022-05-08 17:11:49,47.8043,67.7144,58.89,26,84,17.65
125,Touros,BR,2022-05-08 17:11:50,-5.1989,-35.4608,83.59,71,92,13.58
126,Umm Kaddadah,SD,2022-05-08 17:11:50,13.6017,26.6876,89.76,5,52,12.55
127,Garowe,SO,2022-05-08 17:11:51,8.4054,48.4845,89.55,39,100,4.25
128,Tasiilaq,GL,2022-05-08 17:11:51,65.6145,-37.6368,37.56,68,100,6.85
129,Velsk,RU,2022-05-08 17:11:51,61.0701,42.0983,40.44,94,100,8.75
130,Mbandaka,CD,2022-05-08 17:11:52,0.0487,18.2603,79.84,71,94,6.62
131,Leon,MX,2022-05-08 17:11:39,21.1167,-101.6667,86.14,41,5,3.15
132,Horasan,TR,2022-05-08 17:11:53,40.0458,42.1728,45.01,66,82,4.56
133,Awjilah,LY,2022-05-08 17:11:53,29.1081,21.2869,83.01,19,0,15.48
134,Bonfim,BR,2022-05-08 17:11:53,3.0833,-59.95,84.81,64,88,2.26
135,Jagdalpur,IN,2022-05-08 17:11:54,19.0667,82.0333,79.75,58,5,9.08
136,Gravdal,NO,2022-05-08 17:11:55,68.1214,13.5031,39.15,65,100,14.54
137,Angoche,MZ,2022-05-08 17:11:55,-16.2325,39.9086,74.79,77,27,7.61
138,Prieska,ZA,2022-05-08 17:11:56,-29.6641,22.7474,62.2,38,23,5.95
139,Kashan,IR,2022-05-08 17:12:56,33.9831,51.4364,73.53,12,0,22.1
140,Puerto Madryn,AR,2022-05-08 17:12:56,-42.7692,-65.0385,66.27,30,99,29.44
141,Beruwala,LK,2022-05-08 17:12:57,6.4788,79.9828,82.53,86,100,13.22
142,Sao Joao Da Barra,BR,2022-05-08 17:12:57,-21.6403,-41.0511,80.69,68,47,12.62
143,Raudeberg,NO,2022-05-08 17:12:58,61.9875,5.1352,48.96,56,78,16.78
144,Kilindoni,TZ,2022-05-08 17:12:58,-7.9139,39.6668,81.34,76,18,16.02
145,Chamrajnagar,IN,2022-05-08 17:12:59,11.9167,76.95,74.98,76,100,7.2
146,Mankapur,IN,2022-05-08 17:12:59,27.0333,82.2333,89.51,35,23,8.3
147,Shache,CN,2022-05-08 17:12:59,38.4167,77.2406,76.17,19,1,5.48
148,Tambura,SS,2022-05-08 17:13:00,5.6,27.4667,72.34,89,100,4.07
149,Rozkishne,UA,2022-05-08 17:13:00,48.5074,39.3004,54.1,48,15,3.85
150,Rio Gallegos,AR,2022-05-08 17:11:36,-51.6226,-69.2181,50.05,40,20,34.52
151,Miraflores,MX,2022-05-08 17:13:01,19.2167,-98.8083,78.03,35,21,3.69
152,Kibaya,TZ,2022-05-08 17:13:02,-5.3,36.5667,62.24,76,100,8.19
153,Tucurui,BR,2022-05-08 17:13:02,-3.7661,-49.6725,87.03,61,80,5.03
154,Belyy Yar,RU,2022-05-08 17:13:03,53.6039,91.3903,35.85,34,0,4.47
155,Masvingo,ZW,2022-05-08 17:13:03,-20.0637,30.8277,68.97,44,53,0.81
156,Harbour Breton,CA,2022-05-08 17:13:04,47.4833,-55.7983,40.51,64,1,13.98
157,Guhagar,IN,2022-05-08 17:13:04,17.4842,73.1929,82.36,81,12,10.8
158,Manjacaze,MZ,2022-05-08 17:13:05,-24.7117,33.8828,69.55,88,4,7.56
159,Oktyabrskoye,RU,2022-05-08 17:13:05,43.0645,44.7417,44.74,93,100,6.71
160,Nouadhibou,MR,2022-05-08 17:13:06,20.931,-17.0347,65.12,88,4,21.34
161,Castle Douglas,GB,2022-05-08 17:13:06,54.9409,-3.9278,56.16,79,44,11.7
162,Constantine,DZ,2022-05-08 17:13:07,36.365,6.6147,62.01,51,75,12.66
163,Hualmay,PE,2022-05-08 17:13:07,-11.0964,-77.6139,70.5,74,43,11.68
164,Castro,BR,2022-05-08 17:12:57,-24.7911,-50.0119,67.42,55,17,4.99
165,Zonguldak,TR,2022-05-08 17:13:08,41.25,31.8333,43.59,89,7,2.55
166,Shelburne,CA,2022-05-08 17:10:10,44.0787,-80.2041,59.13,42,0,9.95
167,Nikolskoye,RU,2022-05-08 17:13:09,59.7035,30.7861,43.72,74,60,5.06
168,Aguimes,ES,2022-05-08 17:13:09,27.9054,-15.4461,70.66,73,20,29.93
169,Doha,QA,2022-05-08 17:08:59,25.2867,51.5333,85.98,25,0,20.71
170,Kudahuvadhoo,MV,2022-05-08 17:13:10,2.6708,72.8944,84.45,78,54,18.07
171,Colesberg,ZA,2022-05-08 17:13:10,-30.72,25.0972,50.67,69,42,12.62
172,Monrovia,LR,2022-05-08 17:13:11,6.3005,-10.7969,77.56,89,100,9.46
173,Leua,SK,2022-05-08 17:13:11,48.2156,18.6071,70.5,68,80,4.14
174,Formosa Do Rio Preto,BR,2022-05-08 17:13:12,-11.0483,-45.1931,90.82,22,88,9.64
175,Port Talbot,GB,2022-05-08 17:10:03,51.5924,-3.7802,66.85,68,52,6.2
176,Fez,MA,2022-05-08 17:10:21,34.0372,-4.9998,89.85,15,0,9.22
177,Quatre Cocos,MU,2022-05-08 17:13:13,-20.2078,57.7625,75.31,85,28,10.29
178,Bengkulu,ID,2022-05-08 17:13:13,-3.8004,102.2655,78.08,82,96,3.98
179,Jiblah,YE,2022-05-08 17:13:14,13.9216,44.1467,66.56,74,90,2.35
180,Gao,ML,2022-05-08 17:13:14,16.6362,1.637,104.95,6,2,6.02
181,Gornopravdinsk,RU,2022-05-08 17:13:15,60.05,69.9,45.1,89,56,5.64
182,Ostrovnoy,RU,2022-05-08 17:13:15,68.0531,39.5131,32.36,75,52,13.31
183,Coquimbo,CL,2022-05-08 17:12:50,-29.9533,-71.3436,62.33,67,100,6.91
184,Aksarka,RU,2022-05-08 17:13:16,66.5606,67.7975,35.8,100,100,9.46
185,Pontes E Lacerda,BR,2022-05-08 17:14:16,-15.2261,-59.3353,86.92,36,76,3.67
186,Port Blair,IN,2022-05-08 17:14:17,11.6667,92.75,83.64,80,100,16.37
187,Nanortalik,GL,2022-05-08 17:14:17,60.1432,-45.2371,37.18,90,100,2.71
188,Ponta Delgada,PT,2022-05-08 17:14:18,37.7333,-25.6667,68.72,73,40,9.22
189,Westport,US,2022-05-08 17:12:52,41.1415,-73.3579,59.45,41,20,16.11
190,Mocuba,MZ,2022-05-08 17:14:18,-16.8392,36.9856,69.57,85,3,2.68
191,Felnac,RO,2022-05-08 17:14:19,46.1167,21.15,71.89,43,100,8.05
192,Katiola,CI,2022-05-08 17:14:19,8.1333,-5.1,91.45,47,82,8.99
193,Iguape,BR,2022-05-08 17:14:20,-24.7081,-47.5553,72.03,66,62,8.39
194,Geraldton,AU,2022-05-08 17:14:20,-28.7667,114.6,59.41,88,40,4.61
195,Traiguen,CL,2022-05-08 17:14:21,-38.25,-72.6833,55.4,78,75,2.8
196,Goderich,CA,2022-05-08 17:10:05,43.7501,-81.7165,52.92,54,0,11.21
197,Ullapool,GB,2022-05-08 17:14:22,57.8987,-5.1604,62.35,59,97,7.0
198,San Cristobal,VE,2022-05-08 17:14:22,7.7669,-72.225,82.58,50,58,8.34
199,Torrington,US,2022-05-08 17:09:24,41.8007,-73.1212,59.58,47,100,8.99
200,Grand Gaube,MU,2022-05-08 17:14:23,-20.0064,57.6608,75.6,78,4,1.99
201,Upington,ZA,2022-05-08 17:14:23,-28.4478,21.2561,59.76,34,4,2.66
202,Xuddur,SO,2022-05-08 17:14:24,4.1213,43.8894,84.36,51,98,13.0
203,Inta,RU,2022-05-08 17:14:24,66.0317,60.1659,46.87,78,81,15.68
204,Yar-Sale,RU,2022-05-08 17:14:25,66.8333,70.8333,34.92,100,100,11.23
205,Bosaso,SO,2022-05-08 17:14:25,11.2842,49.1816,84.72,71,8,1.9
206,Saint-Pierre,RE,2022-05-08 17:14:26,-21.3393,55.4781,73.9,78,0,3.44
207,Morant Bay,JM,2022-05-08 17:14:27,17.8815,-76.4093,87.71,66,66,9.95
208,San Pedro,PH,2022-05-08 17:14:27,14.35,121.0167,83.43,75,20,3.44
209,Roald,NO,2022-05-08 17:14:28,62.5833,6.1333,52.72,71,0,10.36
210,San Luis,AR,2022-05-08 17:10:23,-33.295,-66.3356,75.13,34,98,6.73
211,Negombo,LK,2022-05-08 17:14:28,7.2083,79.8358,83.64,87,100,13.0
212,Adilabad,IN,2022-05-08 17:14:29,19.6667,78.5333,97.05,14,36,4.36
213,Santa Cruz,BO,2022-05-08 17:14:29,-17.8,-63.1667,86.05,42,40,14.97
214,Lagoa,PT,2022-05-08 17:14:30,39.05,-27.9833,61.81,70,91,9.17
215,Banda Aceh,ID,2022-05-08 17:14:30,5.5577,95.3222,81.1,80,100,8.12
216,Mogadishu,SO,2022-05-08 17:09:54,2.0371,45.3438,82.74,83,85,19.1
217,Dire Dawa,ET,2022-05-08 17:12:12,9.5931,41.8661,78.31,37,33,6.31
218,Fiumicino,IT,2022-05-08 17:14:31,41.7675,12.2291,68.95,56,20,6.91
219,Riyadh,SA,2022-05-08 17:10:03,24.6877,46.7219,86.14,12,0,14.25
220,Melfi,IT,2022-05-08 17:14:31,40.9965,15.6514,58.5,76,55,5.66
221,Hobyo,SO,2022-05-08 17:14:32,5.3505,48.5268,83.61,82,87,19.77
222,Dwarka,IN,2022-05-08 17:14:33,22.2394,68.9678,82.56,76,0,12.3
223,Balkanabat,TM,2022-05-08 17:14:33,39.5108,54.3671,67.01,67,100,11.07
224,Jijiga,ET,2022-05-08 17:14:34,9.35,42.8,72.46,35,28,9.91
225,Aranos,NA,2022-05-08 17:14:34,-24.1333,19.1167,58.78,25,0,8.61
226,Necochea,AR,2022-05-08 17:14:34,-38.5473,-58.7368,73.45,50,1,20.4
227,Morondava,MG,2022-05-08 17:14:35,-20.2833,44.2833,77.92,76,0,12.01
228,Rognan,NO,2022-05-08 17:14:35,67.0953,15.3878,40.05,86,100,4.65
229,Marsa Matruh,EG,2022-05-08 17:10:08,31.3525,27.2453,67.73,67,11,21.99
230,Yenagoa,NG,2022-05-08 17:15:36,4.9247,6.2642,81.39,83,100,3.8
231,Zimnicea,RO,2022-05-08 17:15:37,43.6667,25.3667,60.66,60,75,7.16
232,Jumla,NP,2022-05-08 17:15:37,29.2747,82.1838,52.59,86,41,1.45
233,Marienburg,PL,2022-05-08 17:15:38,54.0359,19.0266,51.87,74,56,12.48
234,Telimele,GN,2022-05-08 17:15:38,10.9167,-13.3333,78.1,74,71,5.68
235,Inongo,CD,2022-05-08 17:15:38,-1.95,18.2667,76.14,83,100,7.31
236,Gazojak,TM,2022-05-08 17:15:39,41.1875,61.4036,82.35,35,100,20.62
237,Brae,GB,2022-05-08 17:15:39,60.3964,-1.353,48.65,87,100,17.02
238,Sao Filipe,CV,2022-05-08 17:15:40,14.8961,-24.4956,72.7,79,7,10.76
239,Perni,GR,2022-05-08 17:15:40,41.0011,24.6356,65.46,52,0,4.61
240,Mangrol,IN,2022-05-08 17:15:41,21.1167,70.1167,82.47,79,1,15.84
241,Kolyvan,RU,2022-05-08 17:15:41,55.3053,82.7391,38.82,77,75,3.98
242,Dinar,TR,2022-05-08 17:15:42,38.065,30.1656,64.36,44,20,4.05
243,Vista Hermosa,MX,2022-05-08 17:15:42,19.5167,-99.2167,79.56,26,0,4.61
244,Omboue,GA,2022-05-08 17:13:50,-1.5746,9.2618,80.04,85,67,7.74
245,Padang,ID,2022-05-08 17:15:43,-0.9492,100.3543,78.85,85,99,3.67
246,Vila Velha,BR,2022-05-08 17:12:14,-20.3297,-40.2925,76.95,78,75,18.41
247,Baghdad,IQ,2022-05-08 17:13:00,33.3406,44.4009,76.91,27,0,5.75
248,Sandomierz,PL,2022-05-08 17:15:43,50.6827,21.749,66.65,57,53,1.99
249,Punta Cardon,VE,2022-05-08 17:15:44,11.6581,-70.215,84.54,68,72,18.19
250,Aasiaat,GL,2022-05-08 17:15:44,68.7098,-52.8699,26.73,77,23,4.72
251,Nzega,RW,2022-05-08 17:15:45,-2.479,29.5564,57.04,97,78,3.42
252,Puerto Ayacucho,VE,2022-05-08 17:15:45,5.6639,-67.6236,87.19,60,57,5.79
253,Jibuti,DJ,2022-05-08 17:15:46,11.5,42.5,83.21,52,33,11.45
254,Jaisalmer,IN,2022-05-08 17:11:54,26.9147,70.9181,96.57,13,0,16.44
255,Uhlove,UA,2022-05-08 17:15:46,44.8215,33.6045,55.02,73,13,3.11
256,Shakawe,BW,2022-05-08 17:15:47,-18.3667,21.85,70.47,25,2,3.96
257,Hearst,CA,2022-05-08 17:15:48,49.6835,-83.6665,68.25,21,84,11.14
258,Adamas,GR,2022-05-08 17:15:48,36.7333,24.4333,61.29,78,100,15.79
259,Galle,LK,2022-05-08 17:15:49,6.0367,80.217,82.63,85,100,15.23
260,Pishva,IR,2022-05-08 17:15:50,35.308,51.7267,75.4,11,41,17.02
261,Racale,IT,2022-05-08 17:15:50,39.9631,18.0938,63.05,81,74,10.18
262,Ilhabela,BR,2022-05-08 17:15:32,-23.7781,-45.3581,73.11,77,29,5.5
263,Pavino,RU,2022-05-08 17:15:51,59.1139,46.1414,53.58,63,80,12.93
264,Kita,ML,2022-05-08 17:15:53,13.0349,-9.4895,96.96,24,57,3.47
265,Mazagao,BR,2022-05-08 17:15:53,-0.115,-51.2894,87.85,84,94,6.73
266,Axim,GH,2022-05-08 17:15:54,4.8699,-2.2405,83.34,74,99,8.97
267,Herouville-Saint-Clair,FR,2022-05-08 17:15:54,49.2109,-0.3065,67.82,77,85,9.22
268,Kalmunai,LK,2022-05-08 17:15:55,7.4167,81.8167,84.06,77,100,5.12
269,Salamanca,ES,2022-05-08 17:11:04,40.8333,-6.0,77.0,35,43,4.0
270,Rorvik,NO,2022-05-08 17:15:56,64.8621,11.2373,44.71,76,75,16.11
271,Pizarro,CO,2022-05-08 17:15:56,4.9533,-77.366,83.39,78,58,5.68
272,Manta,EC,2022-05-08 17:15:57,-0.95,-80.7333,80.38,78,100,4.61
273,Faya,SA,2022-05-08 17:15:58,18.3851,42.4509,69.91,55,3,4.38
274,Kalemie,CD,2022-05-08 17:15:58,-5.9475,29.1947,74.1,78,82,3.31
275,Ochakiv,UA,2022-05-08 17:15:59,46.6128,31.5498,54.79,60,10,9.28
276,Mont-De-Marsan,FR,2022-05-08 17:17:00,44.0,-0.6667,73.44,60,78,8.05
277,Rassvet,RU,2022-05-08 17:17:00,46.8333,40.75,54.36,49,98,1.97
278,Iquique,CL,2022-05-08 17:17:01,-20.2208,-70.1431,68.04,70,3,7.99
279,Maceio,BR,2022-05-08 17:17:01,-9.6658,-35.7353,83.64,65,75,11.5
280,Marfino,RU,2022-05-08 17:17:02,55.7028,37.3822,55.31,76,75,11.18
281,Buinsk,RU,2022-05-08 17:17:02,54.95,48.2833,50.59,52,42,7.87
282,Suez,EG,2022-05-08 17:17:03,29.9737,32.5263,79.66,17,96,12.26
283,Vestmannaeyjar,IS,2022-05-08 17:17:03,63.4427,-20.2734,47.39,100,100,27.63
284,Kargil,IN,2022-05-08 17:17:04,34.5667,76.1,49.66,38,53,3.76
285,Villamontes,BO,2022-05-08 17:17:05,-21.25,-63.5,77.54,47,96,4.7
286,Birin,NP,2022-05-08 17:17:05,26.8865,88.0718,62.69,79,59,5.35
287,Mitsamiouli,KM,2022-05-08 17:17:06,-11.3847,43.2844,81.54,78,14,8.39
288,Diego De Almagro,CL,2022-05-08 17:17:06,-26.3667,-70.05,65.98,41,9,7.47
289,Lovozero,RU,2022-05-08 17:17:07,68.005,35.0117,31.84,76,80,1.43
290,Carballo,ES,2022-05-08 17:17:08,43.213,-8.691,81.82,63,34,4.18
291,Bonoua,CI,2022-05-08 17:17:09,5.2741,-3.595,85.62,73,100,7.47
292,Niamey,NE,2022-05-08 17:17:09,13.5137,2.1098,104.29,15,0,1.14
293,Balkhash,KZ,2022-05-08 17:17:10,46.844,74.9804,56.89,26,53,25.46
294,Los Llanos De Aridane,ES,2022-05-08 17:17:11,28.6585,-17.9182,67.75,68,75,14.97
295,Saurimo,AO,2022-05-08 17:17:11,-9.6608,20.3916,75.18,54,64,2.89
296,Moshenskoye,RU,2022-05-08 17:17:11,58.5102,34.5911,43.5,75,100,6.31
297,Teguldet,RU,2022-05-08 17:17:12,57.3064,88.1667,28.36,59,20,3.51
298,Kargopol,RU,2022-05-08 17:17:13,61.5071,38.9456,41.63,83,100,5.82
299,Rovaniemi,FI,2022-05-08 17:17:13,66.5,25.7167,44.01,33,0,9.22
300,Rocha,UY,2022-05-08 17:17:13,-34.4833,-54.3333,70.84,50,7,9.89
301,Kedrovyy,RU,2022-05-08 17:17:14,56.1667,91.8167,30.87,58,100,3.74
302,Monroe,US,2022-05-08 17:17:15,43.1501,-77.6831,62.49,42,0,16.11
303,Plettenberg Bay,ZA,2022-05-08 17:17:15,-34.0527,23.3716,57.2,71,82,5.73
304,Manicore,BR,2022-05-08 17:17:16,-5.8092,-61.3003,85.46,66,81,0.92
305,San Ramon,US,2022-05-08 17:17:16,37.7799,-121.978,58.96,56,0,17.27
306,Tartagal,AR,2022-05-08 17:17:17,-22.5164,-63.8013,72.7,54,99,5.84
307,Novyy Urengoy,RU,2022-05-08 17:17:17,66.0833,76.6333,32.61,98,100,12.93
308,Sabya,SA,2022-05-08 17:17:18,17.1495,42.6254,87.42,64,4,7.52
309,Morwa,IN,2022-05-08 17:17:18,22.9,73.8333,95.36,17,9,10.04
310,Anloga,GH,2022-05-08 17:17:19,5.7947,0.8973,84.29,75,98,14.12
311,Kabwe,ZM,2022-05-08 17:17:19,-14.4469,28.4464,69.46,53,74,5.1
312,Ndioum,SN,2022-05-08 17:17:20,16.5129,-14.6471,110.46,9,5,1.16
313,Sfantu Gheorghe,RO,2022-05-08 17:17:21,45.8667,25.7833,58.82,71,76,3.98
314,Kasongo-Lunda,CD,2022-05-08 17:18:21,-6.4667,16.8167,78.67,72,52,3.38
315,Garissa,KE,2022-05-08 17:18:22,-0.4536,39.6401,83.16,65,85,20.65
316,Hofn,IS,2022-05-08 17:18:22,64.2539,-15.2082,46.42,96,100,9.06
317,Durres,AL,2022-05-08 17:18:22,41.3231,19.4414,66.38,75,100,4.61
318,Vila Franca Do Campo,PT,2022-05-08 17:18:23,37.7167,-25.4333,68.41,78,89,0.11
319,Akdepe,TM,2022-05-08 17:18:23,42.0551,59.3788,75.29,51,82,8.14
320,Alekseyevka,RU,2022-05-08 17:18:24,50.6309,38.6903,54.12,54,14,3.15
321,Sinnamary,GF,2022-05-08 17:18:24,5.3833,-52.95,83.19,70,42,11.23
322,Pindiga,NG,2022-05-08 17:18:25,9.9833,10.9333,95.92,31,91,9.82
323,Praia,CV,2022-05-08 17:18:25,14.9215,-23.5087,77.54,61,20,21.85
324,Bridgewater,CA,2022-05-08 17:18:26,44.3835,-64.5155,51.12,58,100,12.66
325,Namibe,AO,2022-05-08 17:18:26,-15.1961,12.1522,74.64,65,0,10.89
326,Zelezna Ruda,CZ,2022-05-08 17:18:27,49.1374,13.2352,61.2,61,57,6.4
327,Pavilosta,LV,2022-05-08 17:18:28,56.8879,21.1859,48.11,57,5,14.25
328,Marawi,PH,2022-05-08 17:18:28,7.9986,124.2928,70.83,95,100,1.3
329,Druzhba,UA,2022-05-08 17:18:30,52.0428,33.9453,54.55,85,94,7.02
330,Placido De Castro,BR,2022-05-08 17:18:30,-10.3353,-67.1856,92.03,40,19,1.03
331,Great Yarmouth,GB,2022-05-08 17:18:31,52.6083,1.7305,59.41,68,6,8.7
332,Noyabrsk,RU,2022-05-08 17:18:32,63.1994,75.4507,33.46,98,100,10.69
333,Imbituba,BR,2022-05-08 17:18:33,-28.24,-48.6703,71.85,62,0,10.16
334,Praia Da Vitoria,PT,2022-05-08 17:18:34,38.7333,-27.0667,68.25,64,20,0.87
335,Copiapo,CL,2022-05-08 17:18:35,-27.3667,-70.3333,65.89,52,68,5.99
336,Ewo,CG,2022-05-08 17:18:35,-0.8725,14.8206,81.46,67,58,4.21
337,Raga,SS,2022-05-08 17:18:36,8.4596,25.678,86.13,41,92,2.8
338,Bara,NG,2022-05-08 17:18:36,10.3744,10.7288,100.72,24,100,7.92
339,Portree,GB,2022-05-08 17:18:37,57.4129,-6.1942,58.51,72,94,10.33
340,Dolores,AR,2022-05-08 17:18:38,-36.3132,-57.6792,73.09,53,2,15.28
341,Tabuk,PH,2022-05-08 17:18:38,17.4189,121.4443,75.65,84,22,5.21
342,Abha,SA,2022-05-08 17:18:39,18.2164,42.5053,69.62,73,20,5.75
343,Chimbote,PE,2022-05-08 17:18:39,-9.0853,-78.5783,68.52,80,89,10.56
344,Darnah,LY,2022-05-08 17:18:40,32.767,22.6367,64.47,83,0,18.66
345,Jever,DE,2022-05-08 17:18:40,53.5833,7.9,53.06,58,9,8.79
346,Vincennes,FR,2022-05-08 17:18:41,48.85,2.4333,72.16,52,0,10.36
347,Bangassou,CF,2022-05-08 17:18:41,4.7413,22.8184,74.41,84,98,3.11
348,Buraydah,SA,2022-05-08 17:18:42,26.326,43.975,84.65,13,12,10.83
349,Carutapera,BR,2022-05-08 17:18:42,-1.195,-46.02,82.02,83,98,6.06
350,Hirna,ET,2022-05-08 17:18:43,9.2167,41.1,68.25,41,19,5.03
351,Rundu,NA,2022-05-08 17:18:43,-17.9333,19.7667,69.93,25,0,3.78
352,Codrington,AU,2022-05-08 17:18:44,-38.2667,141.9667,46.2,85,24,5.23
353,Stornoway,GB,2022-05-08 17:18:44,58.2093,-6.3865,57.16,71,40,21.85
354,Antalaha,MG,2022-05-08 17:18:45,-14.9003,50.2788,75.34,89,75,5.48
355,Kanashevo,RU,2022-05-08 17:18:45,55.2169,62.0634,54.16,34,39,5.66
356,Seguela,CI,2022-05-08 17:18:46,7.9611,-6.6731,91.87,44,70,8.86
357,Meulaboh,ID,2022-05-08 17:18:26,4.1363,96.1285,78.42,86,100,3.71
358,Hamilton,US,2022-05-08 17:15:48,39.1834,-84.5333,66.99,51,0,11.5
359,Camabatela,AO,2022-05-08 17:18:46,-8.1881,15.375,68.83,76,62,4.92
360,Cap-Aux-Meules,CA,2022-05-08 17:18:47,47.3821,-61.8597,42.85,70,20,10.36
361,Inhambane,MZ,2022-05-08 17:19:47,-23.865,35.3833,73.38,83,20,9.22
362,Nouakchott,MR,2022-05-08 17:19:48,18.0858,-15.9785,73.33,65,77,20.94
363,Abu Samrah,SY,2022-05-08 17:19:48,35.3029,37.1841,67.93,40,18,10.71
364,Mairana,BO,2022-05-08 17:19:49,-18.1167,-63.9333,68.94,49,37,11.56
365,Samana,DO,2022-05-08 17:19:49,19.2056,-69.3369,89.82,66,20,9.22
366,Lamu,KE,2022-05-08 17:19:50,-2.2717,40.902,80.69,82,98,18.52
367,Beloha,MG,2022-05-08 17:19:50,-25.1667,45.05,72.82,79,73,3.51
368,Panguipulli,CL,2022-05-08 17:19:51,-39.6333,-72.3333,53.11,98,100,1.43
369,Capitan Bado,PY,2022-05-08 17:19:51,-23.2667,-55.5333,73.6,48,0,7.14
370,Camacha,PT,2022-05-08 17:15:31,33.0833,-16.3333,63.82,59,20,16.11
371,Paamiut,GL,2022-05-08 17:19:52,61.994,-49.6678,33.4,85,100,16.37
372,Jangaon,IN,2022-05-08 17:19:52,17.7167,79.1833,90.82,31,68,1.7
373,Puerto Carreno,CO,2022-05-08 17:19:53,6.189,-67.4859,88.7,56,45,5.82
374,Lincoln,US,2022-05-08 17:17:49,40.8,-96.667,60.87,90,100,6.91
375,Farafangana,MG,2022-05-08 17:19:53,-22.8167,47.8333,75.06,90,7,9.33
376,Saint Anthony,US,2022-05-08 17:19:54,45.0205,-93.218,58.14,75,100,17.27
377,Santiago Del Estero,AR,2022-05-08 17:19:54,-27.7951,-64.2615,70.03,55,100,9.78
378,Methoni,GR,2022-05-08 17:19:55,36.8197,21.7049,70.21,72,93,6.64
379,Bankura,IN,2022-05-08 17:19:55,23.25,87.0667,82.49,58,11,14.65
380,Tambacounda,SN,2022-05-08 17:19:55,13.7539,-13.7586,105.85,17,0,6.91
381,Avallon,FR,2022-05-08 17:19:56,47.4833,3.9,63.66,82,1,9.98
382,Honningsvag,NO,2022-05-08 17:19:56,70.9821,25.9704,33.55,69,75,11.5
383,Zuwarah,LY,2022-05-08 17:19:57,32.9312,12.082,66.22,63,6,6.85
384,Bubaque,GW,2022-05-08 17:19:57,11.2833,-15.8333,77.45,70,22,10.96
385,Gumdag,TM,2022-05-08 17:19:58,39.2061,54.5906,67.32,64,100,11.88
386,Kirovsk,UA,2022-05-08 17:19:59,48.6375,38.6428,52.56,48,8,3.15
387,Porto Tolle,IT,2022-05-08 17:19:59,44.9497,12.3245,70.03,71,97,4.9
388,Redwater,US,2022-05-08 17:20:00,33.3582,-94.2544,83.21,74,94,11.56
389,Salumbar,IN,2022-05-08 17:20:00,24.1333,74.05,96.21,20,53,11.45
390,Pokhara,NP,2022-05-08 17:20:00,28.2333,83.9833,68.63,74,31,6.22
391,Batangafo,CF,2022-05-08 17:20:01,7.3008,18.2833,88.84,36,52,8.52
392,Mahajanga,MG,2022-05-08 17:20:02,-15.7167,46.3167,80.62,83,20,4.61
393,Viedma,AR,2022-05-08 17:20:02,-40.8135,-62.9967,76.12,34,2,23.11
394,Erzurum,TR,2022-05-08 17:20:02,40.0,41.5,47.88,67,92,1.21
395,Skibbereen,IE,2022-05-08 17:20:03,51.55,-9.2667,55.11,85,100,11.95
396,Puerto Del Rosario,ES,2022-05-08 17:20:03,28.5004,-13.8627,73.15,68,0,14.97
397,Oistins,BB,2022-05-08 17:20:04,13.0667,-59.5333,86.09,70,20,16.11
398,Kang,BW,2022-05-08 17:20:05,-23.6752,22.7876,59.85,30,0,8.39
399,Villagarzon,CO,2022-05-08 17:20:05,1.0375,-76.6267,75.22,94,98,2.21
400,Henties Bay,NA,2022-05-08 17:15:47,-22.116,14.2845,60.48,69,1,8.32
401,Maniitsoq,GL,2022-05-08 17:20:06,65.4167,-52.9,33.37,73,4,14.05
402,Turukhansk,RU,2022-05-08 17:20:06,65.8167,87.9833,9.52,96,69,4.41
403,Road Town,VG,2022-05-08 17:20:07,18.4167,-64.6167,84.24,74,40,11.5
404,Yining,CN,2022-05-08 17:20:07,29.0361,114.5636,66.49,98,68,0.83
405,Lasa,IT,2022-05-08 17:20:08,46.6166,10.7002,58.69,94,100,1.99
406,Sharjah,AE,2022-05-08 17:18:02,25.3573,55.4033,91.38,51,0,9.22
407,Novoleushkovskaya,RU,2022-05-08 17:20:08,45.9956,39.9921,51.94,74,97,4.34
408,Terme,TR,2022-05-08 17:21:09,41.2092,36.9739,51.73,92,100,9.46
409,Tshikapa,CD,2022-05-08 17:21:09,-6.4167,20.8,76.44,77,98,1.3
410,Mbour,SN,2022-05-08 17:21:10,14.422,-16.9638,83.25,47,2,21.74
411,Champaign,US,2022-05-08 17:21:10,40.1334,-88.2001,67.71,56,0,18.41
412,Mantua,IT,2022-05-08 17:21:11,45.1667,10.7833,70.84,68,94,1.99
413,George,ZA,2022-05-08 17:21:12,-33.963,22.4617,54.95,88,0,6.91
414,Brumadinho,BR,2022-05-08 17:21:12,-20.1433,-44.1997,82.72,51,11,3.27
415,Ilebo,CD,2022-05-08 17:21:13,-4.3167,20.5833,74.8,88,100,1.3
416,Bam,IR,2022-05-08 17:21:13,29.106,58.357,87.04,13,30,11.21
417,Mayumba,GA,2022-05-08 17:21:14,-3.432,10.6554,78.91,85,51,5.55
418,Snina,SK,2022-05-08 17:21:14,48.9886,22.151,66.0,58,88,3.8
419,Qaqortoq,GL,2022-05-08 17:21:15,60.7167,-46.0333,37.15,85,100,2.53
420,Trabzon,TR,2022-05-08 17:21:15,40.9167,39.8333,48.29,87,75,6.91
421,Kouango,CF,2022-05-08 17:21:16,4.9934,19.9619,83.17,61,100,5.01
422,Andenes,NO,2022-05-08 17:21:16,69.3143,16.1194,35.58,80,99,13.8
423,Upata,VE,2022-05-08 17:21:17,8.0086,-62.3989,79.2,71,100,3.78
424,Broadstairs,GB,2022-05-08 17:21:17,51.3591,1.4394,55.99,70,0,5.99
425,Bilma,NE,2022-05-08 17:21:18,18.6853,12.9164,102.25,9,98,5.66
426,Vredendal,ZA,2022-05-08 17:21:18,-31.6683,18.5012,57.2,64,4,9.24
427,Ano Mera,GR,2022-05-08 17:21:19,37.45,25.4,61.84,67,20,17.27
428,Wukari,NG,2022-05-08 17:21:19,7.85,9.7833,90.95,52,100,2.48
429,Prado,BR,2022-05-08 17:21:20,-17.3411,-39.2208,76.75,82,100,9.71
430,Tucupita,VE,2022-05-08 17:21:20,9.0622,-62.051,84.29,69,87,5.48
431,Balsas,BR,2022-05-08 17:21:21,-7.5325,-46.0356,89.6,37,100,5.21
432,Pottsville,US,2022-05-08 17:21:21,40.6857,-76.1955,62.6,42,32,3.0
433,Kidal,ML,2022-05-08 17:21:22,18.4411,1.4078,101.5,4,0,13.04
434,Koutsouras,GR,2022-05-08 17:21:23,35.0339,25.9469,63.46,78,76,7.11
435,Carnot,CF,2022-05-08 17:21:23,4.9409,15.8665,81.88,69,39,2.59
436,Alta Floresta,BR,2022-05-08 17:21:24,-9.8756,-56.0861,91.22,55,40,4.61
437,Coxim,BR,2022-05-08 17:21:24,-18.5067,-54.76,91.02,22,0,2.53
438,Rustenburg,ZA,2022-05-08 17:21:24,-25.6676,27.2421,62.78,52,49,6.8
439,Mizan Teferi,ET,2022-05-08 17:21:25,6.9833,35.5833,63.46,97,91,1.54
440,Luwingu,ZM,2022-05-08 17:21:25,-10.2621,29.9271,65.89,74,86,2.53
441,Sayyan,YE,2022-05-08 17:21:26,15.1718,44.3244,71.6,27,77,9.53
442,Benguela,AO,2022-05-08 17:21:26,-12.5763,13.4055,77.58,78,18,5.46
443,Ereymentau,KZ,2022-05-08 17:21:27,51.6199,73.1033,47.14,42,34,6.69
444,Bodden Town,KY,2022-05-08 17:21:27,19.2833,-81.25,86.0,74,20,12.66
445,Kayes,ML,2022-05-08 17:21:28,14.0,-11.0,105.15,17,18,3.18
446,Mount Vernon,US,2022-05-08 17:19:59,40.9126,-73.8371,59.72,50,75,16.11
447,Caconda,AO,2022-05-08 17:21:29,-13.7333,15.0667,65.01,45,12,3.22
448,Kibala,TD,2022-05-08 17:21:29,9.1104,18.3463,94.95,46,0,0.0
449,Killybegs,IE,2022-05-08 17:21:30,54.6333,-8.45,62.31,76,100,14.45
450,Contamana,PE,2022-05-08 17:21:31,-7.3333,-75.0167,92.3,42,41,3.8
451,Maragogi,BR,2022-05-08 17:21:31,-9.0122,-35.2225,81.23,76,30,9.51
452,Cabedelo,BR,2022-05-08 17:21:32,-6.9811,-34.8339,86.67,71,95,15.48
453,Konya,TR,2022-05-08 17:18:51,38.1667,32.5,53.08,53,64,6.67
454,Krasnoselkup,RU,2022-05-08 17:21:33,65.7,82.4667,23.07,87,41,7.49
455,Krasnyy Luch,UA,2022-05-08 17:21:33,48.1395,38.9371,51.84,49,37,4.14
456,Antofagasta,CL,2022-05-08 17:22:34,-23.65,-70.4,65.48,65,1,6.33
457,Dudinka,RU,2022-05-08 17:22:34,69.4058,86.1778,3.34,97,12,7.96
458,Kardla,EE,2022-05-08 17:22:35,58.9978,22.7492,42.06,66,9,14.97
459,Conchas,BR,2022-05-08 17:22:35,-23.0153,-48.0106,78.03,52,24,6.38
460,Zacatecoluca,SV,2022-05-08 17:22:36,13.5,-88.8667,89.42,51,99,5.03
461,Guca,RS,2022-05-08 17:22:36,43.7767,20.2253,69.69,71,100,5.55
462,Matagami,CA,2022-05-08 17:22:37,49.7502,-77.6328,62.71,17,0,13.8
463,Sovetskiy,RU,2022-05-08 17:22:37,61.3614,63.5842,50.45,62,51,6.4
464,Valdivia,CL,2022-05-08 17:21:37,-39.8142,-73.2459,66.29,83,96,0.89
465,Pachino,IT,2022-05-08 17:22:38,36.7186,15.0907,62.6,76,7,15.03
466,Narsaq,GL,2022-05-08 17:22:39,60.9167,-46.05,55.62,79,100,5.21
467,Nyrob,RU,2022-05-08 17:22:39,60.733,56.7202,46.18,81,46,5.61
468,Asfi,MA,2022-05-08 17:20:23,32.2994,-9.2372,75.76,49,47,23.85
469,Huarmey,PE,2022-05-08 17:22:40,-10.0681,-78.1522,71.31,76,27,13.04
470,Haverfordwest,GB,2022-05-08 17:22:40,51.8017,-4.9691,60.39,86,91,5.01
471,Sokoto,NG,2022-05-08 17:22:41,13.0609,5.239,105.84,15,51,4.14
472,Rawson,AR,2022-05-08 17:22:41,-43.3002,-65.1023,65.12,29,100,30.31
473,Zverinogolovskoye,RU,2022-05-08 17:22:42,54.4586,64.8542,54.16,33,16,6.85
474,Yabassi,CM,2022-05-08 17:22:42,4.457,9.9682,81.54,85,80,5.39
475,Muromtsevo,RU,2022-05-08 17:22:43,56.3724,75.2418,42.49,88,34,5.26
476,Punto Fijo,VE,2022-05-08 17:22:43,11.6956,-70.1996,85.75,64,78,18.37
477,Altos Del Rosario,CO,2022-05-08 17:22:44,8.7944,-74.1658,94.24,47,84,1.57
478,Salinopolis,BR,2022-05-08 17:22:44,-0.6136,-47.3561,75.36,95,100,2.73
479,Sambava,MG,2022-05-08 17:22:45,-14.2667,50.1667,77.05,87,71,8.01
480,Teguise,ES,2022-05-08 17:22:45,29.0605,-13.564,73.62,57,0,27.63
481,Jacareacanga,BR,2022-05-08 17:22:46,-6.2222,-57.7528,90.25,54,17,4.38
482,Lawrenceburg,US,2022-05-08 17:20:11,38.0373,-84.8966,66.65,55,0,8.05
483,Ouesso,CG,2022-05-08 17:22:46,1.6136,16.0517,79.45,72,100,3.22
484,Saint-Joseph,RE,2022-05-08 17:22:47,-21.3667,55.6167,71.98,81,28,7.78
485,Ludwigsburg,DE,2022-05-08 17:20:29,48.8973,9.1916,69.28,54,59,1.99
486,Sisimiut,GL,2022-05-08 17:22:48,66.9395,-53.6735,35.67,52,0,9.95
487,Benghazi,LY,2022-05-08 17:22:48,32.1167,20.0667,66.4,67,1,12.95
488,Jizan,SA,2022-05-08 17:22:49,17.3333,42.6667,86.94,63,4,6.96
489,Dalbandin,PK,2022-05-08 17:22:50,28.8947,64.4101,92.3,10,56,5.68
490,Kalamazoo,US,2022-05-08 17:18:03,42.2506,-85.55,66.25,41,0,10.36
491,Balykshi,KZ,2022-05-08 17:22:51,47.0667,51.8667,57.2,82,75,17.9
492,Kafue,ZM,2022-05-08 17:22:52,-15.7691,28.1814,69.73,64,92,3.22
493,Odweyne,SO,2022-05-08 17:22:53,9.4092,45.064,84.29,42,86,12.33
494,Shar,KZ,2022-05-08 17:22:53,49.5886,81.0453,41.95,36,36,7.96
495,Thinadhoo,MV,2022-05-08 17:21:21,0.5333,72.9333,84.51,77,78,18.19
496,Borgarnes,IS,2022-05-08 17:20:08,64.5383,-21.9206,55.45,68,94,12.53
497,Yazd,IR,2022-05-08 17:22:54,31.8972,54.3675,78.91,15,20,4.61
498,Berwick,US,2022-05-08 17:22:55,41.0545,-76.2333,63.37,36,0,1.99
499,Unai,BR,2022-05-08 17:22:56,-16.3575,-46.9061,89.35,31,8,6.4
500,Khorramshahr,IR,2022-05-08 17:22:56,30.4397,48.1664,82.36,23,0,9.22
501,Ambilobe,MG,2022-05-08 17:21:30,-13.2,49.05,74.68,89,39,2.37
502,The Valley,AI,2022-05-08 17:23:57,18.217,-63.0578,82.81,89,40,17.27
503,Mabaruma,GY,2022-05-08 17:23:57,8.2,-59.7833,80.44,92,64,5.66
504,Boa Vista,BR,2022-05-08 17:23:58,2.8197,-60.6733,80.58,78,75,4.61
505,Cockburn Town,TC,2022-05-08 17:23:58,21.4612,-71.1419,82.36,74,40,11.5
506,Utica,US,2022-05-08 17:23:59,43.1009,-75.2327,66.34,28,65,1.99
507,Veydelevka,RU,2022-05-08 17:23:59,50.1521,38.4492,53.8,51,9,0.56
508,Salihorsk,BY,2022-05-08 17:24:00,52.7876,27.5415,55.8,82,98,7.38
509,Eyl,SO,2022-05-08 17:19:44,7.9803,49.8164,84.56,76,64,15.95
510,Mende,FR,2022-05-08 17:24:00,44.6667,3.5,52.16,78,67,7.16
511,Esil,KZ,2022-05-08 17:24:01,51.9556,66.4042,52.68,31,52,9.08
512,Kazanlak,BG,2022-05-08 17:24:01,42.6167,25.4,54.27,73,82,3.36
513,Rayagada,IN,2022-05-08 17:24:01,19.1667,83.4167,80.69,67,76,4.83
514,Olafsvik,IS,2022-05-08 17:24:02,64.8945,-23.7142,45.72,89,99,14.27
515,San Rafael Del Sur,NI,2022-05-08 17:24:03,11.8485,-86.4384,88.77,59,100,6.24
516,Gidole,ET,2022-05-08 17:24:03,5.65,37.3667,61.02,76,64,2.84
517,Calabozo,VE,2022-05-08 17:24:04,8.9242,-67.4293,88.59,45,94,5.88
518,Bahawalpur,PK,2022-05-08 17:24:04,29.4,71.6833,99.72,9,0,7.43
519,Ibra,OM,2022-05-08 17:24:05,22.6906,58.5334,87.71,26,2,10.36
520,Thompson,CA,2022-05-08 17:24:05,55.7435,-97.8558,48.36,81,100,18.41
521,Yermolayevo,RU,2022-05-08 17:24:06,52.7167,55.8,52.61,42,100,6.49
522,Kutum,SD,2022-05-08 17:24:06,14.2,24.6667,86.85,7,1,5.95
523,Abonnema,NG,2022-05-08 17:24:07,4.7084,6.7931,84.69,73,99,6.85
524,Fenoarivo,MG,2022-05-08 17:24:07,-18.933,47.4354,64.47,94,20,4.61
525,Harderwijk,NL,2022-05-08 17:24:08,52.3333,5.6167,64.29,51,10,5.01
526,Kefalos,GR,2022-05-08 17:24:08,36.7453,26.9589,68.22,60,20,4.61
527,Walvis Bay,NA,2022-05-08 17:24:08,-22.9575,14.5053,67.15,52,0,5.75
528,Puerto Quijarro,BO,2022-05-08 17:24:09,-17.7833,-57.7667,93.38,24,11,4.0
529,Jalingo,NG,2022-05-08 17:24:09,8.8833,11.3667,91.36,49,91,3.69
530,Shubarshi,KZ,2022-05-08 17:24:10,48.5872,57.1869,58.78,30,99,14.29
531,Aktau,KZ,2022-05-08 17:24:10,43.65,51.2,55.98,92,65,17.22
532,Podgornoye,RU,2022-05-08 17:24:11,51.735,39.1496,57.42,30,0,0.0
533,Nioro,GM,2022-05-08 17:24:11,13.35,-15.75,104.58,12,13,4.18
534,Richards Bay,ZA,2022-05-08 17:22:22,-28.783,32.0377,67.62,84,99,10.42
535,Zhob,PK,2022-05-08 17:24:12,31.3411,69.4481,82.58,15,31,3.69
536,Sargatskoye,RU,2022-05-08 17:24:12,55.6101,73.4972,49.91,58,37,2.66
537,Jvari,GE,2022-05-08 17:24:13,42.7169,42.052,48.92,98,100,1.05
538,Hambantota,LK,2022-05-08 17:23:47,6.1241,81.1185,82.71,83,100,19.84
539,Bonavista,CA,2022-05-08 17:24:14,48.6499,-53.1147,34.93,67,3,12.82
540,Coihaique,CL,2022-05-08 17:22:02,-45.5752,-72.0662,52.41,50,75,11.5
541,Owando,CG,2022-05-08 17:24:14,-0.4819,15.8999,78.31,75,100,1.61
542,Oksfjord,NO,2022-05-08 17:22:15,70.2396,22.3479,37.0,91,100,9.24
543,Tarko-Sale,RU,2022-05-08 17:24:15,64.9225,77.785,33.19,93,99,11.25
544,Naberera,TZ,2022-05-08 17:24:15,-4.2,36.9333,64.13,80,99,10.87
545,Herat,AF,2022-05-08 17:24:16,34.5,62.0,76.12,35,80,6.08
546,Lixourion,GR,2022-05-08 17:24:16,38.2019,20.4314,66.2,88,75,4.61
547,Sumbe,AO,2022-05-08 17:25:17,-11.2061,13.8437,77.97,84,17,5.99
548,Sena Madureira,BR,2022-05-08 17:25:17,-9.0656,-68.6569,91.36,44,24,1.86
549,Saint-Augustin,CA,2022-05-08 17:25:18,51.226,-58.6502,45.14,44,72,9.1
550,Muhos,FI,2022-05-08 17:25:18,64.808,25.9931,42.58,47,24,7.92
551,Oussouye,SN,2022-05-08 17:25:19,12.485,-16.5469,96.98,48,7,11.68
552,Santa Isabel Do Rio Negro,BR,2022-05-08 17:25:19,-0.4139,-65.0192,84.29,74,77,2.71
553,Puerto Ayora,EC,2022-05-08 17:25:20,-0.7393,-90.3518,80.56,79,9,12.37
554,Busia,UG,2022-05-08 17:25:20,0.4544,34.0758,66.22,93,93,6.11
